{
  "math/applied": {
    "n": 7,
    "mean": 0.49206349206349204,
    "M2": 0.25573192239858916
  },
  "science/basic": {
    "n": 8,
    "mean": 0.5555555555555556,
    "M2": 0.2962962962962963
  },
  "science/health": {
    "n": 8,
    "mean": 0.6180555555555556,
    "M2": 0.15702160493827164
  },
  "science/tech": {
    "n": 7,
    "mean": 0.5634920634920634,
    "M2": 0.2310405643738977
  },
  "science/environment": {
    "n": 11,
    "mean": 0.4444444444444444,
    "M2": 0.4012345679012346
  },
  "social/culture": {
    "n": 8,
    "mean": 0.6388888888888888,
    "M2": 0.3271604938271605
  },
  "social/economics": {
    "n": 12,
    "mean": 0.46759259259259256,
    "M2": 0.42875514403292186
  },
  "humanities/psychology": {
    "n": 7,
    "mean": 0.4920634920634921,
    "M2": 0.39770723104056455
  },
  "humanities/qol": {
    "n": 7,
    "mean": 0.5396825396825397,
    "M2": 0.22045855379188717
  },
  "humanities/ethics": {
    "n": 7,
    "mean": 0.5555555555555555,
    "M2": 0.660493827160494
  },
  "technology/it": {
    "n": 8,
    "mean": 0.47916666666666663,
    "M2": 0.16628086419753088
  },
  "technology/engineering": {
    "n": 9,
    "mean": 0.45679012345679015,
    "M2": 0.39368998628257895
  },
  "technology/energy_materials": {
    "n": 10,
    "mean": 0.5444444444444444,
    "M2": 0.15308641975308646
  },
  "sports_rec/sports": {
    "n": 8,
    "mean": 0.6527777777777777,
    "M2": 0.1774691358024692
  },
  "language/speaking": {
    "n": 8,
    "mean": 0.576388888888889,
    "M2": 0.22800925925925936
  },
  "language/reading": {
    "n": 12,
    "mean": 0.5787037037037036,
    "M2": 0.2744341563786009
  },
  "language/writing": {
    "n": 11,
    "mean": 0.47979797979797983,
    "M2": 0.4955106621773289
  },
  "language/career": {
    "n": 10,
    "mean": 0.5944444444444444,
    "M2": 0.48796296296296315
  },
  "math/statistics": {
    "n": 5,
    "mean": 0.5777777777777777,
    "M2": 0.12716049382716046
  },
  "sports_rec/games_social": {
    "n": 10,
    "mean": 0.6055555555555555,
    "M2": 0.6447530864197532
  },
  "sports_rec/exercise": {
    "n": 8,
    "mean": 0.5972222222222223,
    "M2": 0.4182098765432099
  }
}